Día,Mes,Año,Dolar_Compra,Dolar_Venta,EBORU_Dolar_Compra,EBORU_Dolar_Venta,Euro_Compra,Euro_Venta,Arg_Compra,Arg_Venta,Br_Compra,Br_Venta
2,Ene,2017,28.63,29.63,28.86,29.4,29.61,31.74,1.58,2.08,8.55,9.35
3,Ene,2017,28.1,29.2,28.37,28.9,28.88,31.1,1.55,2.05,8.39,9.09
4,Ene,2017,28,29.15,28.33,28.85,28.64,30.89,1.52,1.97,8.44,9.09
5,Ene,2017,28.02,29.18,28.35,28.98,28.87,31.14,1.51,1.96,8.57,9.22
9,Ene,2017,28,29.15,28.34,28.82,29.14,31.41,1.52,1.97,8.6,9.25
10,Ene,2017,28.07,29.23,28.38,28.9,29.14,31.42,1.53,1.98,8.64,9.29
11,Ene,2017,28.05,29.26,28.39,28.92,29.11,31.44,1.54,1.99,8.63,9.28
12,Ene,2017,28.15,29.36,28.48,29.04,29.19,31.83,1.54,1.99,8.68,9.33
13,Ene,2017,28.06,29.26,28.4,28.94,29.19,31.83,1.54,1.99,8.7,9.35
16,Ene,2017,28.1,29.34,28.47,28.98,29.23,31.92,1.54,1.99,8.61,9.26
17,Ene,2017,28.11,29.35,28.48,28.99,29.14,31.82,1.54,1.99,8.54,9.19
18,Ene,2017,28.03,29.27,28.38,28.9,29.34,32.05,1.53,1.98,8.6,9.25
19,Ene,2017,28,29.2,28.3,28.84,29.21,31.86,1.52,1.97,8.55,9.2
20,Ene,2017,28,29.2,28.33,28.87,29.11,31.75,1.53,1.98,8.59,9.24
23,Ene,2017,27.96,29.16,28.32,28.82,29.23,31.87,1.53,1.98,8.66,9.31
24,Ene,2017,27.76,28.96,28.08,28.6,29.29,31.64,1.51,1.96,8.63,9.28
25,Ene,2017,27.69,28.95,28.07,28.62,29.19,31.6,1.51,1.96,8.6,9.25
26,Ene,2017,27.75,28.95,28.08,28.63,29.25,31.6,1.51,1.96,8.62,9.27
27,Ene,2017,27.7,28.9,28.05,28.59,29.12,31.46,1.51,1.96,8.59,9.24
30,Ene,2017,27.7,28.9,28.03,28.55,29.1,31.44,1.51,1.96,8.66,9.31
31,Ene,2017,27.6,28.8,27.9,28.45,28.99,31.33,1.5,1.95,8.69,9.34
1,Feb,2017,27.58,28.78,27.91,28.44,29.26,31.61,1.5,1.95,8.62,9.27
2,Feb,2017,27.66,28.86,28,28.53,29.24,31.59,1.52,1.97,8.67,9.32
3,Feb,2017,27.75,28.95,28.1,28.62,29.38,31.73,1.54,1.99,8.76,9.41
6,Feb,2017,27.82,29.02,28.16,28.67,29.42,31.78,1.55,2,8.77,9.42
7,Feb,2017,27.77,28.97,28.11,28.63,29.32,31.68,1.53,1.98,8.76,9.41
8,Feb,2017,27.85,29.05,28.2,28.72,29.26,31.62,1.54,1.99,8.79,9.44
9,Feb,2017,27.95,29.25,28.33,28.87,29.34,31.8,1.55,2,8.85,9.5
10,Feb,2017,27.93,29.23,28.33,28.85,29.25,31.7,1.56,2.01,8.81,9.46
13,Feb,2017,27.98,29.28,28.34,28.89,29.23,31.68,1.5,2.1,8.76,9.66
14,Feb,2017,27.9,29.2,28.35,28.81,29.07,31.51,1.5,2.1,8.73,9.63
15,Feb,2017,27.8,29.1,28.19,28.71,28.87,31.3,1.52,2.07,8.8,9.6
16,Feb,2017,27.75,29.05,28.13,28.66,28.88,31.31,1.53,2.08,8.88,9.68
17,Feb,2017,27.65,28.95,28.04,28.56,28.99,31.42,1.51,2.06,8.78,9.58
20,Feb,2017,27.66,28.86,27.99,28.51,28.85,31.17,1.48,2.03,8.72,9.52
21,Feb,2017,27.67,28.87,28.01,28.52,28.85,31.18,1.48,2.03,8.76,9.56
22,Feb,2017,27.73,28.93,28.07,28.61,28.73,31.05,1.5,2.05,8.77,9.57
23,Feb,2017,27.79,28.99,28.12,28.64,28.84,31.16,1.5,2.05,8.84,9.64
24,Feb,2017,27.9,29.1,28.23,28.74,28.98,31.31,1.52,2.07,8.91,9.71
1,Mar,2017,28,29.1,28.28,28.8,29.08,31.3,1.52,2.07,8.78,9.58
2,Mar,2017,27.9,28.9,28.13,28.65,28.95,31.06,1.52,2.07,8.76,9.56
3,Mar,2017,27.85,28.8,28.07,28.59,28.74,30.78,1.52,2.07,8.61,9.41
6,Mar,2017,27.82,28.72,27.97,28.51,28.97,30.98,1.54,2.04,8.68,9.48
7,Mar,2017,27.78,28.68,28,28.47,28.9,30.9,1.53,2.03,8.64,9.44
8,Mar,2017,27.88,28.78,28.07,28.6,28.95,30.95,1.52,2.02,8.69,9.49
9,Mar,2017,27.9,29,28.2,28.71,28.91,31.12,1.52,2.02,8.6,9.4
10,Mar,2017,27.95,29.05,28.24,28.75,29.08,31.3,1.52,2.04,8.52,9.32
13,Mar,2017,27.85,28.95,28.15,28.66,29.23,31.47,1.54,2.04,8.64,9.44
14,Mar,2017,27.8,28.9,28.1,28.61,29.12,31.34,1.53,2.03,8.6,9.4
15,Mar,2017,27.88,28.98,28.16,28.69,29.07,31.29,1.53,2.03,8.54,9.34
16,Mar,2017,27.73,28.83,27.95,28.59,29.05,31.54,1.52,2.02,8.69,9.49
17,Mar,2017,27.7,28.8,28,28.52,29.14,31.65,1.52,2.02,8.68,9.48
20,Mar,2017,27.72,28.82,28,28.53,29.12,31.63,1.52,2.02,8.73,9.53
21,Mar,2017,27.69,28.79,27.99,28.51,29.09,31.59,1.51,2.01,8.78,9.58
22,Mar,2017,27.78,28.88,28.09,28.61,29.35,31.89,1.52,2.02,8.78,9.58
23,Mar,2017,27.87,28.87,28.12,28.65,29.44,31.86,1.52,2.02,8.77,9.57
24,Mar,2017,28.09,28.94,28.25,28.77,29.64,31.9,1.53,2.03,8.72,9.52
27,Mar,2017,28.01,28.77,28.11,28.67,29.63,31.79,1.52,2.02,8.74,9.54
28,Mar,2017,28.06,28.82,28.18,28.69,29.83,32,1.53,2.03,8.67,9.47
29,Mar,2017,28,29,28.28,28.75,29.61,31.04,1.54,2.04,8.68,9.48
30,Mar,2017,28.25,29.35,28.5,29.04,29.74,32.28,1.57,2.07,8.83,9.63
31,Mar,2017,28.2,29.3,28.4,29,29.48,32,1.57,2.07,8.76,9.56
3,Abr,2017,28.11,28.97,28.29,28.75,29.37,31.62,1.56,2.06,8.72,9.52
4,Abr,2017,28.07,28.93,28.23,28.75,29.28,31.54,1.55,2.05,8.75,9.55
5,Abr,2017,28.11,28.97,28.28,28.8,29.35,31.6,1.56,2.06,8.82,9.62
6,Abr,2017,28.16,28.91,28.3,28.76,29.39,31.52,1.56,2.06,8.84,9.64
7,Abr,2017,28.09,28.79,28.23,28.7,29.26,31.33,1.55,2.05,8.65,9.45
18,Abr,2017,28.17,28.88,28.26,28.78,29.2,31.29,1.58,2.08,8.64,9.44
19,Abr,2017,28.1,28.8,28.25,28.62,29.5,31.6,1.56,2.06,8.74,9.54
20,Abr,2017,28.1,28.8,28.24,28.63,29.46,31.54,1.55,2.05,8.67,9.47
21,Abr,2017,28.12,28.82,28.28,28.67,29.5,31.59,1.55,2.05,8.62,9.42
24,Abr,2017,28.11,28.81,28.28,28.64,29.42,31.5,1.54,2.04,8.64,9.44
25,Abr,2017,28,28.7,28.11,28.54,29.75,31.85,1.54,2.04,8.65,9.45
26,Abr,2017,27.85,28.55,28,28.39,29.79,31.9,1.53,2.03,8.55,9.35
27,Abr,2017,27.75,28.45,27.91,28.3,29.58,31.68,1.52,2.02,8.43,9.23
28,Abr,2017,27.78,28.42,27.91,28.29,29.57,31.6,1.53,2.03,8.45,9.25
2,May,2017,27.8,28.44,27.94,28.31,29.65,31.68,1.53,2.03,8.46,9.26
3,May,2017,27.78,28.42,27.91,28.3,29.69,31.74,1.54,2.04,8.52,9.32
4,May,2017,27.69,28.35,27.83,28.21,29.54,31.6,1.54,2.04,8.5,9.3
5,May,2017,27.62,28.28,27.75,28.15,29.67,31.73,1.53,2.03,8.43,9.13
8,May,2017,27.49,28.16,27.64,28.03,29.55,31.63,1.51,2.01,8.41,9.11
9,May,2017,27.7,28.37,27.84,28.22,29.62,31.7,1.52,2.02,8.41,9.11
10,May,2017,27.76,28.43,29.52,31.59,29.52,31.59,1.52,2.02,8.47,9.17
11,May,2017,27.71,28.39,27.84,28.24,29.46,31.53,1.51,2.01,8.52,9.22
12,May,2017,27.7,28.38,27.86,28.23,29.45,31.52,1.52,2.02,8.55,9.25
15,May,2017,27.63,28.31,27.8,28.17,29.53,31.62,1.52,2.02,8.6,9.3
16,May,2017,27.72,28.4,27.87,28.25,29.77,31.87,1.51,2.01,8.69,9.39
17,May,2017,27.72,28.4,27.88,28.25,30.09,32.21,1.51,2.01,8.71,9.41
18,May,2017,27.76,28.42,27.91,28.28,30.28,32.38,1.5,2,8.64,9.34
19,May,2017,27.98,28.78,30.41,32.69,30.41,32.69,1.48,1.98,8.02,8.72
23,May,2017,27.82,28.62,27.98,28.4,30.5,32.78,1.47,1.97,8.31,9.01
24,May,2017,27.87,28.56,28.02,28.41,30.49,32.64,1.46,1.96,8.29,8.99
25,May,2017,27.84,28.53,27.97,28.36,30.53,32.68,1.46,1.96,8.28,8.98
26,May,2017,27.91,28.56,28.04,28.42,30.6,32.71,1.46,1.96,8.23,8.93
29,May,2017,27.91,28.56,28.05,28.42,30.52,32.62,1.47,1.97,8.3,9
30,May,2017,27.89,28.57,28.05,28.42,30.49,32.62,1.47,1.97,8.27,8.97
31,May,2017,27.9,28.58,28.04,28.44,30.54,32.69,1.45,1.95,8.31,9.01
1,Jun,2017,27.92,28.6,28.13,28.52,30.7,32.85,1.46,1.96,8.38,9.08
2,Jun,2017,28,28.65,28.13,28.51,30.72,32.84,1.47,1.97,8.36,9.06
5,Jun,2017,27.98,28.63,28.12,28.49,30.87,33,1.47,1.97,8.35,9.05
6,Jun,2017,28.03,28.68,28.16,28.57,30.87,33,1.48,1.98,8.27,8.97
7,Jun,2017,28.12,28.77,28.25,28.64,31.01,33.15,1.48,1.98,8.33,9.03
8,Jun,2017,28.17,28.85,28.32,28.69,31.02,33.19,1.49,1.99,8.35,9.05
9,Jun,2017,28.17,28.85,28.31,28.69,30.92,33.08,1.5,2,8.37,9.07
12,Jun,2017,28.12,28.83,28.28,28.66,30.81,32.99,1.5,2,8.32,9.02
13,Jun,2017,28.02,28.72,28.17,28.57,30.64,32.99,1.49,1.99,8.21,8.91
14,Jun,2017,28,28.7,28.16,28.55,30.61,32.98,1.49,1.99,8.22,8.92
15,Jun,2017,27.95,28.63,28.09,28.5,30.57,32.9,1.49,1.99,8.27,8.97
16,Jun,2017,27.94,28.63,28.08,28.48,30.4,32.74,1.48,1.98,8.29,8.99
20,Jun,2017,27.89,28.64,28.07,28.46,30.46,32.86,1.47,1.97,8.25,8.95
21,Jun,2017,27.9,28.75,28.06,28.58,30.29,32.8,1.46,1.96,8.14,8.84
22,Jun,2017,27.92,28.78,28.1,28.6,30.4,32.94,1.46,1.96,8.16,8.86
23,Jun,2017,27.9,28.81,28.1,28.61,30.37,32.95,1.46,1.96,8.13,8.83
26,Jun,2017,27.87,28.81,28.08,28.6,30.44,33.07,1.46,1.96,8.14,8.84
27,Jun,2017,27.82,28.82,28.07,28.58,30.34,33.04,1.44,1.94,8.23,8.93
28,Jun,2017,27.82,28.82,28.1,28.64,30.79,33.53,1.44,1.94,8.17,8.87
29,Jun,2017,27.88,28.88,28.18,28.59,30.95,33.69,1.43,1.93,8.29,8.99
30,Jun,2017,27.91,28.95,28.16,28.7,31.13,33.94,1.43,1.93,8.26,8.96
3,Jul,2017,27.95,29.05,28.25,28.8,31.13,34.01,1.42,1.92,8.27,8.97
4,Jul,2017,28.05,29.15,28.33,28.89,31.08,33.95,1.41,1.91,8.32,9.02
5,Jul,2017,28.19,29.29,28.49,29,31.21,34.08,1.41,1.91,8.34,9.04
6,Jul,2017,28.33,29.53,28.66,29.19,31.36,34.35,1.4,1.9,8.43,9.13
7,Jul,2017,28.44,29.64,28.79,29.3,31.69,34.71,1.41,1.91,8.45,9.15
10,Jul,2017,28.4,29.6,28.77,29.25,31.59,34.6,1.42,1.92,8.48,9.18
11,Jul,2017,28.3,29.5,28.64,29.15,31.48,34.48,1.41,1.91,8.51,9.21
12,Jul,2017,28.23,29.43,28.58,29.09,31.58,34.61,1.41,1.91,8.52,9.22
13,Jul,2017,28.13,29.33,28.5,29.01,31.33,34.33,1.41,1.91,8.61,9.31
14,Jul,2017,28.17,29.37,28.51,29.04,31.33,34.33,1.41,1.91,8.61,9.31
17,Jul,2017,28.02,29.22,28.36,28.87,31.34,34.35,1.41,1.91,8.64,9.34
19,Jul,2017,28.03,29.23,28.38,28.89,31.38,34.39,1.4,1.9,8.64,9.34
20,Jul,2017,28.02,29.22,28.36,28.88,31.48,34.5,1.38,1.88,8.74,9.44
21,Jul,2017,28.02,29.22,28.36,28.88,31.48,34.5,1.38,1.88,8.74,9.44
24,Jul,2017,27.88,29.08,28.22,28.73,31.75,34.8,1.35,1.85,8.42,9.72
25,Jul,2017,27.88,29.08,28.22,28.74,31.67,34.72,1.3,1.9,8.4,9.7
26,Jul,2017,27.89,29.09,28.23,28.74,31.7,34.75,1.29,1.89,8.34,9.64
27,Jul,2017,27.79,28.99,28.12,28.63,31.79,34.85,1.29,1.89,8.39,9.69
28,Jul,2017,27.75,28.95,28.09,28.6,31.62,34.66,1.27,1.87,8.33,9.63
31,Jul,2017,27.68,28.88,28.03,28.54,31.74,34.8,1.25,1.85,8.37,9.67
1,Ago,2017,27.64,28.84,27.98,28.5,31.91,34.99,1.21,1.91,8.41,9.71
2,Ago,2017,27.72,28.92,28.08,28.6,31.91,34.99,1.22,1.92,8.19,9.49
3,Ago,2017,27.78,28.98,28.11,28.63,32.13,35.23,1.22,1.92,8.27,9.47
4,Ago,2017,27.78,28.98,28.11,28.63,32.2,35.19,1.21,1.91,8.28,9.48
7,Ago,2017,27.85,29.05,28.2,28.72,32.03,35.02,1.22,1.92,8.28,9.48
8,Ago,2017,28,29.2,28.36,28.87,32.25,35.24,1.22,1.92,8.33,9.53
9,Ago,2017,28,29.2,28.34,28.85,32.12,35.1,1.22,1.92,8.33,9.53
10,Ago,2017,28.16,29.36,28.51,29.03,32.33,35.32,1.23,1.93,8.3,9.5
11,Ago,2017,28.22,29.42,28.56,29.07,32.47,35.47,1.23,1.93,8.27,9.47
14,Ago,2017,28.25,29.45,28.58,29.09,32.64,35.65,1.23,1.93,8.29,9.49
15,Ago,2017,28.1,29.3,28.44,28.95,32.35,35.34,1.28,1.98,8.19,9.39
16,Ago,2017,28,29.2,28.33,28.87,32.1,35.07,1.28,1.98,8.16,9.36
17,Ago,2017,28,29.2,28.34,28.85,32.16,35.21,1.26,1.96,8.25,9.45
18,Ago,2017,28,29.2,28.35,28.87,32.09,35.13,1.25,1.95,8.18,9.38
21,Ago,2017,28.1,29.3,28.4,29,32.27,35.33,1.27,1.97,8.3,9.5
22,Ago,2017,28.2,29.4,28.55,29.07,32.5,35.72,1.27,1.97,8.26,9.46
23,Ago,2017,28.13,29.33,28.5,29.01,32.27,35.46,1.27,1.97,8.24,9.44
24,Ago,2017,28.25,29.45,28.57,29.1,32.59,35.81,1.28,1.98,8.37,9.57
28,Ago,2017,28.18,29.38,28.51,29.02,32.47,35.67,1.28,1.98,8.3,9.5
29,Ago,2017,28.1,29.3,28.42,28.95,32.85,36.1,1.27,1.97,8.23,9.43
30,Ago,2017,28.16,29.36,28.5,29.01,32.96,36.22,1.26,1.96,8.24,9.44
31,Ago,2017,28.14,29.34,28.47,29,32.66,35.89,1.26,1.96,8.27,9.47
1,Set,2017,28.23,29.43,28.5,29.12,32.78,36.02,1.27,1.97,8.32,9.52
4,Set,2017,28.2,29.4,28.55,29.07,32.66,35.88,1.28,1.98,8.34,9.54
5,Set,2017,28.19,29.39,28.53,29.05,32.75,35.98,1.27,1.97,8.35,9.55
6,Set,2017,28.2,29.3,28.49,29.02,32.81,35.92,1.27,1.97,8.38,9.58
7,Set,2017,28.3,29.3,28.55,29.06,32.89,35.89,1.28,1.98,8.45,9.65
8,Set,2017,28.33,29.33,28.56,29.09,33.19,36.2,1.28,1.98,8.47,9.67
11,Set,2017,28.25,29.25,28.5,29.01,33.19,36.22,1.27,1.97,8.47,9.67
12,Set,2017,28.3,29.3,28.59,29,33.03,36.04,1.28,1.98,8.46,9.66
13,Set,2017,28.39,29.29,28.63,29.04,33.15,36.04,1.29,1.99,8.37,9.57
14,Set,2017,28.53,29.43,28.77,29.19,33.07,35.95,1.3,2,8.42,9.62
15,Set,2017,28.53,29.43,28.72,29.23,33.16,36.04,1.31,2.01,8.46,9.66
18,Set,2017,28.45,29.35,28.65,29.2,33.15,36.05,1.3,2,8.45,9.65
19,Set,2017,28.42,29.32,28.62,29.14,33.16,36.05,1.29,1.99,8.39,9.59
20,Set,2017,28.44,29.34,28.63,29.15,33.3,36.2,1.29,1.99,8.39,9.59
21,Set,2017,28.4,29.3,28.59,29.11,32.9,35.78,1.28,1.98,8.36,9.56
22,Set,2017,28.43,29.33,28.62,29.13,33.12,36.01,1.27,1.97,8.36,9.56
25,Set,2017,28.4,29.3,28.59,29.1,33.11,36.11,1.27,1.97,8.4,9.6
26,Set,2017,28.42,29.32,28.61,29.13,32.86,35.73,1.25,1.95,8.32,9.52
27,Set,2017,28.5,29.4,28.67,29.2,32.81,35.68,1.25,1.95,8.31,9.51
28,Set,2017,28.71,29.61,28.9,29.41,32.93,35.8,1.27,1.97,8.32,9.52
29,Set,2017,28.54,29.54,28.78,29.3,32.82,35.81,1.26,1.96,8.3,9.5
2,Oct,2017,28.45,29.55,28.75,29.3,32.83,35.93,1.28,1.98,8.33,9.53
3,Oct,2017,28.55,29.65,28.85,29.35,32.73,35.82,1.28,1.98,8.4,9.6
4,Oct,2017,28.61,29.71,28.9,29.41,32.81,35.9,1.28,1.98,8.44,9.64
5,Oct,2017,28.64,29.64,28.87,29.4,32.87,35.85,1.28,1.98,8.47,9.67
6,Oct,2017,28.68,29.68,28.9,29.42,32.76,35.73,1.28,1.98,8.43,9.63
9,Oct,2017,28.71,29.61,28.9,29.41,32.88,35.73,1.27,1.97,8.4,9.6
10,Oct,2017,28.78,29.78,29,29.55,33,35.99,1.28,1.98,8.37,9.57
11,Oct,2017,28.78,29.78,29.01,29.53,33.16,36.15,1.28,1.98,8.39,9.59
12,Oct,2017,28.88,29.88,29.1,29.63,33.44,36.47,1.29,1.99,8.45,9.65
13,Oct,2017,28.87,29.87,29.11,29.63,33.35,36.36,1.29,1.99,8.44,9.64
17,Oct,2017,28.9,29.9,29.14,29.66,33.33,36.34,1.3,2,8.51,9.71
18,Oct,2017,28.91,29.91,29.16,29.67,33.21,36.21,1.3,2,8.47,9.67
19,Oct,2017,29,30,29.25,29.77,33.38,36.41,1.3,2,8.47,9.67
20,Oct,2017,29.08,30.08,29.33,29.85,33.57,36.6,1.3,2,8.49,9.69
23,Oct,2017,29.1,30.1,29.33,29.85,33.45,36.48,1.3,2,8.45,9.65
24,Oct,2017,29.13,30.13,29.13,30.13,33.37,36.37,1.3,2,8.34,9.54
25,Oct,2017,26.16,30.16,29.3,29.91,33.47,36.5,1.3,2,8.32,9.52
26,Oct,2017,28.94,29.94,29.19,29.7,33.35,36.36,1.29,1.99,8.26,9.46
27,Oct,2017,28.97,29.87,29.16,29.68,33.95,35.8,1.27,1.97,8.14,9.34
30,Oct,2017,28.93,29.83,29.13,29.64,32.76,35.6,1.27,1.97,8.24,9.44
31,Oct,2017,28.76,29.61,28.92,29.43,32.68,35.46,1.25,1.95,8.07,9.27
1,Nov,2017,28.78,29.58,28.97,29.39,32.74,35.46,1.26,1.96,8.11,9.31
3,Nov,2017,28.78,29.58,28.96,29.39,32.64,35.36,1.26,1.96,8.12,9.32
6,Nov,2017,28.8,29.6,28.98,29.43,32.63,35.35,1.26,1.96,8.03,9.23
7,Nov,2017,28.78,29.58,28.95,29.37,32.62,35.34,1.26,1.96,8.14,9.34
8,Nov,2017,28.79,29.59,28.98,29.4,32.54,35.25,1.26,1.96,8.1,9.3
9,Nov,2017,28.75,29.55,28.95,29.36,32.53,35.24,1.27,1.97,8.13,9.33
10,Nov,2017,28.8,29.6,28.8,29.6,32.74,35.47,1.27,1.97,8.14,9.34
13,Nov,2017,28.83,29.63,29.03,29.44,32.81,35.54,1.27,1.97,8.1,9.3
14,Nov,2017,28.89,29.69,29.09,29.5,32.9,35.63,1.28,1.98,8.07,9.27
15,Nov,2017,28.99,29.79,29.19,29.6,33.39,36.15,1.28,1.98,8.08,9.28
16,Nov,2017,29.09,29.89,29.29,29.7,33.51,36.28,1.29,1.99,8.09,9.29
17,Nov,2017,28.97,29.77,29.16,29.57,33.26,36.02,1.28,1.98,8.14,9.34
20,Nov,2017,28.91,29.81,29.11,29.62,33.28,36.17,1.28,1.98,8.18,9.38
21,Nov,2017,28.93,29.83,29.12,29.63,33.14,36.01,1.29,1.99,8.2,9.4
22,Nov,2017,28.89,29.79,29.09,29.6,33.12,36,1.28,1.98,8.21,9.41
23,Nov,2017,28.8,29.8,29.04,29.55,33.17,36.17,1.28,1.98,8.24,9.44
24,Nov,2017,28.55,29.75,28.89,29.4,33.02,36.26,1.28,1.98,8.23,9.43
27,Nov,2017,28.4,29.7,28.82,29.29,33.06,36.44,1.28,1.98,8.17,9.37
28,Nov,2017,28.25,29.6,28.65,29.17,32.81,36.23,1.27,1.97,8.16,9.36
29,Nov,2017,28.2,29.6,28.66,29.2,32.64,36.11,1.27,1.97,8.18,9.38
30,Nov,2017,28.25,29.65,28.65,29.22,32.7,36.18,1.26,1.96,8.12,9.32
1,Dic,2017,28.26,29.66,28.65,29.26,32.81,36.16,1.28,1.98,8.09,9.29
4,Dic,2017,28.26,29.66,28.65,29.26,32.81,36.3,1.28,1.98,8.09,9.29
5,Dic,2017,28.29,29.69,28.68,29.29,32.72,36.19,1.27,1.97,8.12,9.32
6,Dic,2017,28.27,29.67,28.66,29.28,32.57,36.03,1.28,1.98,8.15,9.35
7,Dic,2017,28.26,29.66,28.66,29.27,32.52,35.97,1.28,1.98,8.14,9.34
8,Dic,2017,28.23,29.83,28.71,29.34,32.48,36.18,1.28,1.98,8.02,9.22
11,Dic,2017,28.14,29.74,28.62,29.23,32.31,35.99,1.28,1.98,7.98,9.18
12,Dic,2017,28.1,29.7,28.59,29.21,32.34,36.02,1.28,1.98,7.95,9.15
13,Dic,2017,28.1,29.7,28.57,29.2,32.17,35.84,1.27,1.97,7.89,9.09
14,Dic,2017,28,29.6,28.49,29.11,32.23,35.9,1.27,1.97,7.87,9.07
15,Dic,2017,27.87,29.57,28.4,29.02,32.09,35.89,1.25,1.95,7.81,9.01
18,Dic,2017,27.9,29.5,28.4,29.01,32.01,35.67,1.24,1.94,7.87,9.07
19,Dic,2017,27.98,29.58,28.47,29.09,32.21,35.89,1.24,1.94,7.93,9.13
20,Dic,2017,27.98,29.58,28.47,29.08,32.34,36.04,1.24,1.94,7.93,9.13
21,Dic,2017,27.97,29.57,28.46,29.07,32.43,36.13,1.23,1.93,7.93,9.13
22,Dic,2017,28.05,29.65,28.45,29.2,32.46,36.16,1.22,1.92,7.92,9.12
26,Dic,2017,27.96,29.56,28.45,29.06,32.34,36.04,1.2,1.9,7.82,9.02
27,Dic,2017,28.25,29.35,28.5,29.11,32.71,35.81,1.18,1.88,7.88,9.08
28,Dic,2017,28.27,29.27,28.47,29.09,32.83,35.82,1.17,1.87,7.88,9.08
29,Dic,2017,28.41,29.16,28.52,29.04,33.15,35.86,1.11,1.81,7.88,9.08
2,Ene,2018,28.35,29.05,28.46,28.92,33.23,35.89,1.15,1.85,7.86,9.06
3,Ene,2018,28.32,29.04,28.44,28.92,33.3,35.99,1.17,1.87,7.99,9.19
4,Ene,2018,28.28,28.98,28.41,28.86,33.18,35.84,1.16,1.86,8.03,9.23
5,Ene,2018,28.25,28.95,28.37,28.82,33.27,35.94,1.15,1.85,8.03,9.23
8,Ene,2018,28.26,28.96,28.41,28.82,33.23,35.89,1.13,1.83,8.03,9.23
9,Ene,2018,28.27,28.97,28.42,28.83,32.99,35.64,1.12,1.82,8.02,9.22
10,Ene,2018,28.31,29.01,28.45,28.87,32.97,35.61,1.12,1.82,8.01,9.21
11,Ene,2018,28.28,28.98,28.43,28.85,32.99,35.63,1.15,1.85,8.04,9.24
12,Ene,2018,28.23,28.93,28.38,28.8,33.17,35.83,1.14,1.84,8.07,9.27
15,Ene,2018,28.23,28.93,28.37,28.78,33.53,36.22,1.14,1.84,8.1,9.3
16,Ene,2018,28.19,28.89,28.35,28.73,33.76,36.48,1.13,1.83,8.07,9.27
17,Ene,2018,28.22,28.92,28.22,28.92,33.79,36.51,1.12,1.82,8.04,9.24
18,Ene,2018,28.22,28.92,28.35,28.77,33.79,36.51,1.13,1.83,8.07,9.27
19,Ene,2018,28.2,28.9,28.34,28.76,33.65,36.34,1.12,1.82,8.08,9.28
22,Ene,2018,28.15,28.85,28.29,28.7,33.62,36.31,1.11,1.81,8.09,9.29
23,Ene,2018,28.12,28.82,28.26,28.64,33.62,36.31,1.1,1.8,8.05,9.25
24,Ene,2018,28.11,28.81,28.27,28.64,33.7,36.4,1.08,1.78,7.98,9.18
25,Ene,2018,28.05,28.75,28.21,28.58,33.97,36.71,1.06,1.76,8.18,9.38
26,Ene,2018,28.03,28.73,28.2,28.57,33.99,36.72,1.06,1.76,8.19,9.39
29,Ene,2018,28.02,28.72,28.19,28.56,34.03,36.76,1.06,1.76,8.22,9.42
30,Ene,2018,28.06,28.76,28.22,28.6,33.89,36.62,1.06,1.76,8.16,9.36
31,Ene,2018,28.05,28.75,28.17,28.59,33.94,36.67,1.06,1.76,8.11,9.31
1,Feb,2018,28.02,28.72,28.16,28.58,33.93,36.66,1.06,1.76,8.09,9.29
2,Feb,2018,28.02,28.72,28.16,28.57,34.17,36.91,1.08,1.78,8.13,9.33
5,Feb,2018,28.1,28.8,28.27,28.68,34.18,36.92,1.07,1.77,8.03,9.23
6,Feb,2018,28.1,28.8,28.23,28.65,34.05,36.78,1.07,1.77,7.95,9.15
7,Feb,2018,28.11,28.81,28.26,28.67,34.01,36.75,1.07,1.77,7.96,9.16
8,Feb,2018,28.15,28.95,28.32,28.8,33.67,36.5,1.06,1.76,7.91,9.11
9,Feb,2018,28.25,29.05,28.45,28.87,33.82,36.66,1.05,1.75,7.92,9.12
14,Feb,2018,28.3,29.3,28.59,29,33.78,36.86,1.05,1.75,7.93,9.13
15,Feb,2018,28.17,29.27,28.42,28.96,34.16,37.41,1.06,1.76,8.09,9.29
16,Feb,2018,27.95,28.95,28.18,28.69,34.08,37.21,1.06,1.76,7.99,9.19
19,Feb,2018,27.93,28.93,28.17,28.7,33.79,36.89,1.05,1.75,8.01,9.21
20,Feb,2018,27.93,28.93,28.17,28.68,33.83,36.93,1.04,1.74,7.98,9.18
21,Feb,2018,27.96,28.96,28.2,28.71,33.68,36.78,1.05,1.75,7.95,9.15
22,Feb,2018,28.02,28.92,28.21,28.73,33.71,36.68,1.05,1.75,7.95,9.15
23,Feb,2018,28.01,28.91,28.2,28.72,33.7,36.66,1.04,1.74,7.95,9.15
26,Feb,2018,27.89,28.89,28.13,28.64,33.47,36.55,1.04,1.74,7.95,9.15
27,Feb,2018,27.82,28.82,28.06,28.57,33.42,36.5,1.02,1.72,7.93,9.13
28,Feb,2018,27.82,28.82,28.06,28.58,33.24,36.29,1.02,1.72,7.92,9.12
1,Mar,2018,27.82,28.82,28.08,28.55,33.15,36.19,1.02,1.72,7.93,9.13
2,Mar,2018,27.88,28.88,28.13,28.65,33.2,36.25,1.02,1.72,7.88,9.08
5,Mar,2018,27.9,28.9,28.14,28.66,33.56,36.64,1.02,1.72,7.92,9.12
6,Mar,2018,27.84,28.84,28.08,28.59,33.5,36.58,1.02,1.72,7.92,9.12
7,Mar,2018,27.95,28.65,28.11,28.52,33.85,36.58,1.01,1.71,8,9.2
8,Mar,2018,27.98,28.68,28.07,28.58,33.87,36.61,1.01,1.71,7.93,9.13
9,Mar,2018,28.01,28.71,28.16,28.57,33.65,36.35,1.01,1.71,7.88,9.08
12,Mar,2018,28,28.7,28.16,28.573,33.65,36.35,1.02,1.72,7.91,9.11
13,Mar,2018,28.02,28.72,28.17,28.58,33.74,36.45,1.02,1.72,7.9,9.1
14,Mar,2018,28.02,28.72,28.16,28.58,33.91,36.64,1.02,1.72,7.9,9.1
15,Mar,2018,28,28.7,28.14,28.55,33.81,36.53,1.02,1.72,7.88,9.08
16,Mar,2018,28.04,28.74,28.19,28.6,33.67,36.37,1.01,1.71,7.82,9.02
19,Mar,2018,28.06,28.76,28.21,28.62,33.64,36.34,1.02,1.72,7.85,9.05
20,Mar,2018,28.08,28.78,28.22,28.64,33.86,36.59,1.02,1.72,7.85,9.05
21,Mar,2018,28.1,28.8,28.25,28.66,33.61,36.3,1.02,1.72,7.8,9
22,Mar,2018,28.12,28.82,28.25,28.66,33.86,36.58,1.02,1.72,7.89,9.09
23,Mar,2018,28.03,28.73,28.18,28.59,33.66,36.36,1.02,1.72,8.28,9.28
2,Abr,2018,27.84,28.84,28.13,28.55,33.45,36.53,1.02,1.72,8.28,9.28
3,Abr,2018,27.82,28.82,28.11,28.52,33.4,36.47,1.02,1.72,8.32,9.32
4,Abr,2018,27.75,28.75,28.04,28.46,33.23,36.29,1.02,1.72,8.26,9.26
5,Abr,2018,27.8,28.8,28.09,28.5,33.32,36.38,1.02,1.72,8.09,9.09
6,Abr,2018,27.75,28.75,28.03,28.45,33.14,36.19,1.02,1.72,8.07,9.07
9,Abr,2018,27.8,28.8,28.09,28.5,33.34,36.41,1.02,1.72,8,9
10,Abr,2018,27.77,28.77,28.06,28.47,33.4,36.47,1.02,1.72,7.93,8.93
11,Abr,2018,27.73,28.73,28.02,28.44,33.45,36.54,1.02,1.72,7.9,8.9
12,Abr,2018,27.78,28.78,28.07,28.48,33.52,36.61,1.02,1.72,7.98,8.98
13,Abr,2018,27.78,28.78,28.07,28.49,33.43,36.51,1.02,1.72,7.93,8.93
16,Abr,2018,27.76,28.76,28.05,28.46,33.42,36.5,1.02,1.72,7.86,8.86
17,Abr,2018,27.77,28.77,28.05,28.46,33.55,36.64,1.02,1.71,7.87,8.87
18,Abr,2018,27.75,28.75,28.05,28.46,33.49,36.58,1.02,1.72,7.91,8.91
19,Abr,2018,27.72,28.72,28.02,28.43,33.48,36.57,1.02,1.72,7.97,8.97
20,Abr,2018,27.71,28.71,28,28.42,33.38,36.47,1.02,1.72,7.93,8.93
24,Abr,2018,27.58,28.68,27.87,28.38,33.06,36.23,1.01,1.71,7.86,8.86
25,Abr,2018,27.69,28.79,27.96,28.5,33.07,36.24,1.01,1.71,7.75,8.75
26,Abr,2018,27.81,28.91,28.1,28.62,33.05,36.21,1.02,1.72,7.72,8.72
27,Abr,2018,27.9,29,28.18,28.73,32.95,36.1,1,1.7,7.78,8.78
30,Abr,2018,27.9,29,28.27,28.64,32.97,36.12,0.98,1.68,7.82,8.82
2,May,2018,28.02,29.22,28.35,28.9,33.03,36.3,1.01,1.71,7.77,8.77
3,May,2018,28.33,29.53,28.68,29.19,33.12,36.4,0.98,1.68,7.77,8.77
4,May,2018,28.75,29.95,29.07,29.64,33.65,36.95,0.94,1.64,7.94,8.94
7,May,2018,28.6,29.8,28.93,29.49,33.37,36.65,0.96,1.66,7.9,8.9
8,May,2018,28.85,30.05,29.18,29.75,33.57,36.86,0.96,1.66,7.89,8.89
9,May,2018,29.6,30.8,29.7,30.7,34.27,37.58,0.96,1.66,8.06,9.06
10,May,2018,29.75,30.95,30.03,30.67,34.43,37.76,0.96,1.66,8.03,9.03
11,May,2018,29.48,30.68,29.8,30.36,34.3,37.63,0.95,1.65,8.09,9.09
14,May,2018,29.65,30.85,29.94,30.55,34.57,37.91,0.93,1.63,7.99,8.99
15,May,2018,30.1,31.3,30.35,31.05,35.09,38.45,0.85,1.55,8.08,9.08
16,May,2018,30.4,31.8,30.75,31.4,35.14,38.73,0.92,1.62,8.1,9.1
17,May,2018,30.2,31.6,30.55,31.25,34.79,38.37,0.9,1.6,7.99,8.99
18,May,2018,30.55,31.95,30.93,31.55,35.18,38.77,0.91,1.61,8.04,9.04
22,May,2018,30.7,32.1,31.07,31.7,35.28,38.88,0.91,1.61,7.99,8.99
23,May,2018,30.6,32,31.02,31.57,35.18,38.77,0.91,1.61,8.22,9.22
24,May,2018,30.54,31.94,30.96,31.51,34.86,38.43,0.9,1.6,8.17,9.17
25,May,2018,30.56,31.96,30.98,31.54,34.97,38.54,0.9,1.6,8.13,9.13
28,May,2018,30.54,31.94,30.96,31.53,30.54,31.94,0.89,1.59,8.09,9.09
29,May,2018,30.47,31.87,30.89,31.45,34.57,38.12,0.88,1.58,7.93,8.93
30,May,2018,30.4,31.8,30.82,31.39,34.2,37.71,0.88,1.58,7.87,8.87
31,May,2018,30.35,31.75,30.74,31.34,34.53,38.08,0.87,1.57,7.87,8.87
1,Jun,2018,30.45,31.85,30.86,31.42,34.73,38.29,0.87,1.57,7.93,8.93
4,Jun,2018,30.48,31.88,30.9,31.46,34.68,38.24,0.87,1.57,7.85,8.85
5,Jun,2018,30.45,31.85,30.9,31.37,34.82,38.39,0.87,1.57,7.83,8.83
6,Jun,2018,30.37,31.77,30.79,31.36,34.71,38.27,0.87,1.57,7.74,8.74
7,Jun,2018,30.35,31.75,30.73,31.37,34.86,38.45,0.87,1.57,7.7,8.7
8,Jun,2018,30.75,32.15,31.15,31.72,35.43,39.04,0.88,1.58,7.61,8.61
11,Jun,2018,30.57,31.97,30.98,31.56,35.11,38.7,0.86,1.56,7.98,8.98
12,Jun,2018,30.58,31.98,30.99,31.56,35.17,38.77,0.83,1.53,7.96,8.96
13,Jun,2018,30.6,32,31.05,31.56,35.1,38.68,0.84,1.54,7.99,8.99
14,Jun,2018,30.7,32.1,31.12,31.67,35.3,38.89,0.83,1.53,8.02,9.02
15,Jun,2018,30.9,32.3,31.33,31.9,34.97,38.54,0.76,1.46,7.89,8.89
18,Jun,2018,31.05,32.45,31.44,32.07,35.17,38.74,0.75,1.45,8.1,9.1
20,Jun,2018,30.9,32.3,31.32,31.87,35.03,38.6,0.77,1.47,7.99,8.99
21,Jun,2018,31.04,32.44,31.47,32.02,35.1,38.66,0.77,1.47,7.97,8.97
22,Jun,2018,30.86,32.26,31.24,31.88,34.99,35.55,0.78,1.48,7.95,8.95
25,Jun,2018,30.75,32.15,31.14,31.76,35,38.57,0.79,1.49,7.91,8.91
26,Jun,2018,30.68,32.08,31.06,31.7,35.06,38.63,0.79,1.49,7.88,8.88
27,Jun,2018,30.55,31.95,30.93,31.55,34.74,38.29,0.78,1.48,7.81,8.81
28,Jun,2018,30.65,32.05,31.03,31.67,34.56,38.09,0.77,1.47,7.67,8.67
29,Jun,2018,30.6,32,30.99,31.62,34.52,38.05,0.75,1.45,7.68,8.68
2,Jul,2018,30.79,32.19,31.18,31.8,35.08,38.64,0.72,1.42,7.73,8.73
3,Jul,2018,30.9,32.3,31.26,31.9,35.02,38.59,0.75,1.45,7.76,8.76
4,Jul,2018,30.75,32.15,31.14,31.76,34.98,38.55,0.76,1.46,7.72,8.72
5,Jul,2018,30.7,32.1,31.05,31.73,34.96,38.52,0.75,1.45,7.7,8.7
6,Jul,2018,30.72,32.12,31.1,31.74,35.03,38.61,0.75,1.45,7.71,8.71
9,Jul,2018,30.77,32.17,31.11,31.82,35.27,38.86,0.76,1.46,7.72,8.72
10,Jul,2018,30.68,32.08,31.07,31.69,35.18,38.77,0.75,1.45,7.7,8.7
11,Jul,2018,30.58,31.98,30.96,31.59,35.05,38.63,0.77,1.47,7.67,8.67
12,Jul,2018,30.67,32.07,31.06,31.67,34.95,38.52,0.77,1.47,7.66,8.66
13,Jul,2018,30.65,32.05,31.05,31.67,34.91,38.47,0.78,1.48,7.62,8.62
16,Jul,2018,30.58,32.08,30.85,31.79,34.85,38.53,0.78,1.48,7.69,8.69
17,Jul,2018,30.5,32,30.88,31.6,34.87,38.56,0.77,1.47,7.66,8.66
19,Jul,2018,30.46,31.86,30.85,31.48,34.67,38.23,0.76,1.46,7.67,8.67
20,Jul,2018,30.5,31.9,30.89,31.5,34.66,38.21,0.75,1.45,7.64,8.64
23,Jul,2018,30.33,31.73,30.57,31.49,34.71,38.28,0.75,1.45,7.79,8.79
24,Jul,2018,30.35,31.75,30.74,31.36,34.62,38.18,0.75,1.45,7.77,8.77
25,Jul,2018,30.2,31.6,30.6,31.22,34.43,37.98,0.75,1.45,7.82,8.82
26,Jul,2018,30.03,31.43,30.42,31.04,34.3,37.84,0.75,1.45,7.61,8.61
27,Jul,2018,30.03,31.43,30.42,31.04,34.13,37.65,0.75,1.45,7.54,8.54
30,Jul,2018,29.98,31.38,30.36,30.99,34.11,37.63,0.75,1.45,7.58,8.58
31,Jul,2018,29.85,31.25,30.24,30.86,34.11,37.64,0.75,1.45,7.52,8.52
1,Ago,2018,29.85,31.25,30.25,30.86,34.07,37.6,0.74,1.44,7.46,8.46
2,Ago,2018,29.85,31.25,30.25,30.87,33.98,37.5,0.74,1.44,7.47,8.47
3,Ago,2018,30.05,31.45,30.45,31.07,33.99,37.49,0.75,1.45,7.51,8.51
6,Ago,2018,29.55,30.95,29.93,30.55,33.33,36.8,0.74,1.44,7.44,8.44
7,Ago,2018,29.55,30.95,29.93,30.55,33.33,36.8,0.74,1.44,7.44,8.44
8,Ago,2018,29.4,30.8,29.8,30.42,33.27,36.74,0.73,1.43,7.34,8.34
9,Ago,2018,29.55,30.95,29.95,30.58,33.5,36.99,0.73,1.43,7.36,8.36
10,Ago,2018,30,31.4,30.4,31.03,33.79,37.27,0.72,1.42,7.42,8.42
13,Ago,2018,30.45,31.85,30.8,31.53,33.88,37.35,0.7,1.4,7.38,8.38
14,Ago,2018,30.85,32.25,31.25,31.9,34.29,37.78,0.69,1.39,7.4,8.4
15,Ago,2018,30.66,32.06,31.01,31.75,33.93,37.41,0.69,1.39,7.45,8.45
16,Ago,2018,30.85,32.25,31.25,31.86,34.18,37.67,0.69,1.39,7.43,8.43
17,Ago,2018,30.76,32.16,31.15,31.77,34.13,37.61,0.69,1.39,7.39,8.39
20,Ago,2018,30.87,32.27,31.25,31.89,30.87,32.27,0.69,1.39,7.38,8.38
21,Ago,2018,31.05,32.45,31.45,32.07,34.75,38.28,0.7,1.4,7.36,8.36
22,Ago,2018,31.13,32.53,31.42,32.24,35.16,38.72,0.69,1.39,7.26,8.26
23,Ago,2018,31.13,32.53,31.42,32.24,35.16,38.72,0.69,1.39,7.26,8.26
24,Ago,2018,31.28,32.68,31.76,32.18,35.22,38.79,0.68,1.38,7.13,8.13
27,Ago,2018,31.2,32.6,31.57,32.19,35.4,39,0.67,1.37,7.13,8.13
28,Ago,2018,31.08,32.48,31.47,32.08,35.42,39.02,0.66,1.36,7.13,8.13
29,Ago,2018,31.23,32.63,31.63,32.24,35.65,39.26,0.65,1.35,7.07,8.07
30,Ago,2018,31.37,32.77,31.76,32.38,35.83,39.46,0.63,1.23,7.14,8.14
31,Ago,2018,31.55,32.95,31.9,32.64,35.9,39.53,0.52,1.12,7.1,8.1
3,Set,2018,31.65,33.05,31.95,32.78,35.84,39.46,0.56,1.16,7.3,8.3
4,Set,2018,31.76,33.16,32.15,32.77,36,39.63,0.54,1.14,7.18,8.18
5,Set,2018,32.05,33.45,32.44,33.05,36.21,39.84,0.53,1.13,7.3,8.3
6,Set,2018,32.05,33.56,32.56,33.2,36.48,40.13,0.54,1.14,7.38,8.38
7,Set,2018,31.8,33.2,32.11,32.87,36.07,39.7,0.56,1.16,7.31,8.31
10,Set,2018,31.8,33.2,32.1,32.95,35.88,39.48,0.6,1.2,7.43,8.43
11,Set,2018,32.15,33.55,32.5,33.2,36.39,40.03,0.6,1.2,7.45,8.45
12,Set,2018,32.16,33.56,32.6,33.11,36.37,40,0.58,1.18,7.33,8.33
13,Set,2018,32.15,33.55,32.55,33.18,36.49,40.13,0.57,1.17,7.37,8.37
14,Set,2018,32.27,33.67,32.66,33.3,36.81,40.47,0.55,1.15,7.29,8.29
17,Set,2018,32.45,33.85,32.78,33.52,36.83,40.49,0.55,1.15,7.38,8.38
18,Set,2018,32.45,33.85,32.84,33.46,37,40.69,0.56,1.16,7.44,8.44
19,Set,2018,32.42,33.82,32.81,33.43,36.9,40.57,0.55,1.15,7.44,8.44
20,Set,2018,32.39,33.79,32.77,33.39,36.91,40.58,0.56,1.16,7.45,8.45
21,Set,2018,32.13,33.53,32.49,33.15,36.93,40.62,0.58,1.18,7.48,8.48
24,Set,2018,32.07,33.47,32.46,33.08,36.76,40.44,0.6,1.2,7.53,8.53
25,Set,2018,32.08,33.48,32.48,33.1,36.81,40.49,0.6,1.2,7.43,8.43
26,Set,2018,32.35,33.75,32.72,33.35,37.15,40.85,0.58,1.18,7.52,8.52
27,Set,2018,32.3,33.7,32.68,33.3,37.06,40.77,0.57,1.17,7.6,8.6
28,Set,2018,32.37,33.78,32.75,33.4,36.83,40.52,0.55,1.15,7.7,8.7
1,Oct,2018,32.55,33.95,32.9,33.63,36.88,40.55,0.52,1.12,7.65,8.65
2,Oct,2018,32.48,33.88,32.88,33.5,36.7,40.35,0.56,1.16,7.68,8.68
3,Oct,2018,32.13,33.53,32.52,33.14,36.2,39.82,0.58,1.18,7.78,8.78
4,Oct,2018,32.2,33.6,32.56,33.24,36.17,39.79,0.59,1.19,7.84,8.84
5,Oct,2018,32.34,33.74,32.72,33.36,36.34,39.96,0.58,1.18,7.88,8.88
8,Oct,2018,32.36,33.76,32.75,33.37,36.41,40.03,0.59,1.19,7.97,8.97
9,Oct,2018,32.17,33.57,32.56,33.18,36.08,39.68,0.6,1.2,8.14,9.14
10,Oct,2018,32.1,33.5,32.48,33.12,36.01,39.61,0.6,1.2,8.24,9.24
11,Oct,2018,32.3,33.7,32.7,33.32,36.33,39.95,0.61,1.21,8.19,9.19
12,Oct,2018,32.28,33.68,32.66,33.29,36.52,40.16,0.62,1.22,8.15,9.15
16,Oct,2018,32.24,33.64,32.52,33.36,36.39,40.01,0.62,1.22,8.12,9.12
17,Oct,2018,32.15,33.55,32.54,33.16,36.33,39.97,0.64,1.24,8.22,9.22
18,Oct,2018,32.07,33.47,32.45,33.09,36.01,39.61,0.63,1.23,8.31,9.31
19,Oct,2018,32.12,33.52,32.52,33.13,35.93,39.53,0.61,1.21,8.25,9.25
22,Oct,2018,32.15,33.55,32.54,33.16,36.11,39.72,0.62,1.22,8.25,9.25
23,Oct,2018,32.07,33.47,32.47,33.08,35.9,39.5,0.62,1.22,8.29,9.29
24,Oct,2018,32.15,33.55,32.54,33.16,36,39.59,0.62,1.22,8.29,9.29
25,Oct,2018,32.21,33.61,32.6,33.22,35.81,39.38,0.61,1.21,8.23,9.23
26,Oct,2018,32.19,33.59,32.58,33.2,35.7,39.27,0.61,1.21,8.3,9.3
29,Oct,2018,32.17,33.57,32.46,33.28,32.17,33.57,0.61,1.21,8.4,9.4
30,Oct,2018,32.11,33.51,32.5,33.12,32.5,33.12,0.61,1.21,8.24,9.24
31,Oct,2018,32.12,33.52,32.51,33.13,35.56,39.11,0.61,1.21,8.26,9.26
1,Nov,2018,32.13,33.53,32.52,33.14,35.5,39.05,0.64,1.24,8.27,9.27
5,Nov,2018,32.1,33.5,32.39,33.21,35.74,39.33,0.64,1.24,8.3,9.3
6,Nov,2018,32.06,33.46,32.45,33.07,35.74,39.31,0.64,1.24,8.2,9.2
7,Nov,2018,32.06,33.46,32.45,33.07,35.71,39.29,0.64,1.24,8.12,9.12
8,Nov,2018,32,33.4,32.28,33.02,35.76,39.35,0.64,1.24,8.15,9.15
9,Nov,2018,31.9,33.3,32.29,32.91,35.42,38.97,0.64,1.24,8.11,9.11
12,Nov,2018,31.83,33.23,32.12,32.94,35.2,38.74,0.64,1.24,8.11,9.11
13,Nov,2018,31.87,33.27,32.26,32.88,34.96,38.46,0.64,1.24,8.08,9.08
14,Nov,2018,32.05,33.45,32.45,33.08,35.21,38.73,0.63,1.23,7.97,8.97
15,Nov,2018,32.02,33.42,32.41,33.03,35.35,38.88,0.63,1.23,8.05,9.05
16,Nov,2018,31.9,33.3,32.28,32.92,35.25,38.78,0.62,1.22,8.02,9.02
19,Nov,2018,31.78,33.18,32.07,32.89,35.39,38.95,0.62,1.22,8.09,9.09
20,Nov,2018,31.8,33.2,32.19,32.81,35.54,39.12,0.63,1.23,8.05,9.05
21,Nov,2018,31.8,33.2,32.19,32.81,35.27,38.81,0.62,1.22,8.06,9.06
22,Nov,2018,31.79,33.19,32.17,32.79,35.34,38.88,0.62,1.22,7.96,8.96
23,Nov,2018,31.68,33.08,32.06,32.7,35.26,38.81,0.61,1.21,7.91,8.91
26,Nov,2018,31.7,33.1,31.99,32.81,35.05,38.57,0.58,1.18,7.89,8.89
27,Nov,2018,31.8,33.2,32.2,32.82,35.17,38.7,0.55,1.15,7.7,8.7
28,Nov,2018,31.77,33.17,32.16,32.78,35.03,38.55,0.56,1.16,7.8,8.8
29,Nov,2018,31.58,32.98,31.86,32.7,35.08,38.61,0.56,1.16,7.82,8.82
30,Nov,2018,31.37,32.77,31.77,32.39,34.82,38.34,0.57,1.17,7.73,8.73
3,Dic,2018,31.48,32.88,31.76,32.6,34.76,38.27,0.57,1.17,7.76,8.76
4,Dic,2018,31.23,32.63,31.62,32.24,34.58,38.09,0.59,1.19,7.73,8.73
5,Dic,2018,31.3,32.7,31.69,32.31,34.64,38.15,0.58,1.18,7.71,8.71
6,Dic,2018,31.33,32.73,31.72,32.34,34.69,38.2,0.57,1.17,7.7,8.7
7,Dic,2018,31.41,32.81,31.8,32.42,34.91,38.44,0.57,1.17,7.69,8.69
10,Dic,2018,31.41,32.81,31.7,32.52,34.98,38.51,0.58,1.18,7.66,8.66
11,Dic,2018,31.49,32.89,31.88,32.5,34.79,38.41,0.57,1.17,7.63,8.63
12,Dic,2018,31.49,32.89,31.88,32.5,34.79,38.3,0.57,1.17,7.64,8.64
13,Dic,2018,31.52,32.92,31.92,32.53,34.96,38.48,0.58,1.18,7.77,8.77
14,Dic,2018,31.56,32.96,31.96,32.57,35,38.52,0.57,1.17,7.72,8.72
17,Dic,2018,31.57,32.97,31.86,32.68,34.82,38.34,0.56,1.16,7.69,8.69
18,Dic,2018,31.52,32.92,31.91,32.53,34.94,38.46,0.56,1.16,7.68,8.68
19,Dic,2018,31.5,32.9,31.89,32.51,34.97,38.49,0.56,1.16,7.67,8.67
20,Dic,2018,31.52,32.92,31.86,32.58,35.05,38.58,0.56,1.16,7.71,8.71
21,Dic,2018,31.53,32.93,31.92,32.54,35.31,38.87,0.57,1.17,7.78,8.78
24,Dic,2018,31.54,32.94,31.83,32.65,34.99,38.52,0.57,1.17,7.69,8.69
26,Dic,2018,31.55,32.95,31.86,32.64,35.18,38.72,0.57,1.17,7.68,8.68
27,Dic,2018,31.6,33,32,32.62,35.05,38.57,0.56,1.16,7.65,8.65
28,Dic,2018,31.65,33.05,32.04,32.66,35.36,38.93,0.56,1.16,7.73,8.73
31,Dic,2018,31.7,33.1,32,32.82,35.39,38.96,0.58,1.18,7.76,9.06
2,Ene,2019,31.65,33.05,32.2,32.62,35.13,38.66,0.57,1.17,7.83,9.13
3,Ene,2019,31.75,33.15,32.1,32.82,35.11,38.63,0.58,1.18,7.93,9.23
4,Ene,2019,31.74,33.14,32.14,32.75,35.31,38.86,0.59,1.19,8.04,9.34
7,Ene,2019,31.8,33.2,32.2,32.82,35.38,38.94,0.59,1.19,8.15,9.45
8,Ene,2019,31.8,33.2,32.2,32.81,35.63,39.21,0.59,1.19,8.11,9.41
9,Ene,2019,31.86,33.26,32.25,32.88,35.58,39.15,0.59,1.19,8.17,9.47
10,Ene,2019,31.91,33.31,32.31,32.93,35.95,39.56,0.59,1.19,8.27,9.57
11,Ene,2019,32.1,33.5,32.5,33.11,36.04,39.65,0.6,1.2,8.25,9.55
14,Ene,2019,32.06,33.46,32.46,33.07,35.89,39.49,0.61,1.21,8.23,9.53
15,Ene,2019,31.92,33.32,32.3,32.92,35.73,39.31,0.6,1.2,8.22,9.52
16,Ene,2019,31.97,33.37,32.32,33.03,35.56,39.12,0.6,1.2,8.17,9.47
17,Ene,2019,31.96,33.36,32.31,33.02,35.57,39.15,0.59,1.19,8.16,9.46
18,Ene,2019,31.94,33.34,32.28,32.99,35.49,39.06,0.58,1.18,8.12,9.42
21,Ene,2019,31.91,33.31,32.25,32.97,35.39,38.95,0.59,1.19,8.09,9.39
22,Ene,2019,31.9,33.3,32.29,32.91,35.39,38.95,0.58,1.18,8.08,9.38
23,Ene,2019,31.92,33.32,32.33,32.95,35.41,38.96,0.59,1.19,7.98,9.28
24,Ene,2019,31.88,33.28,32.27,32.89,35.43,38.99,0.59,1.19,8.07,9.37
25,Ene,2019,31.89,33.29,32.28,32.9,35.14,38.67,0.59,1.19,8.05,9.35
28,Ene,2019,31.89,33.29,32.23,32.95,35.5,39.07,0.6,1.2,8.05,9.35
29,Ene,2019,31.88,33.28,32.27,32.89,35.57,39.14,0.6,1.2,8.06,9.36
30,Ene,2019,31.84,33.24,32.23,32.85,35.51,39.09,0.58,1.18,8.15,9.45
31,Ene,2019,31.86,33.26,32.25,32.87,35.65,39.23,0.59,1.19,8.2,9.5
1,Feb,2019,31.79,33.19,32.18,32.8,35.49,39.07,0.59,1.19,8.29,9.59
4,Feb,2019,31.78,33.18,32.12,32.84,35.53,39.11,0.59,1.19,8.28,9.58
5,Feb,2019,31.76,33.16,32.15,32.77,35.44,39.02,0.59,1.19,8.25,9.55
6,Feb,2019,31.77,33.17,32.16,32.78,35.38,38.95,0.59,1.19,8.26,9.56
7,Feb,2019,31.84,33.24,32.24,32.85,35.31,38.86,0.59,1.19,8.19,9.49
8,Feb,2019,31.88,33.28,32.27,32.89,35.32,38.86,0.58,1.18,8.17,9.47
11,Feb,2019,31.86,33.26,32.2,32.92,35.21,38.75,0.58,1.18,8.14,9.44
12,Feb,2019,31.89,33.29,32.28,32.9,35.08,38.6,0.58,1.18,8.07,9.37
13,Feb,2019,31.87,33.27,32.26,32.88,35.26,38.8,0.58,1.18,8.18,9.48
14,Feb,2019,31.89,33.29,32.27,32.89,35.09,38.61,0.57,1.17,8.09,9.39
15,Feb,2019,31.88,33.28,32.27,32.89,35.16,38.69,0.57,1.17,8.17,9.47
18,Feb,2019,31.9,33.3,32.24,32.96,35.18,38.7,0.56,1.16,8.2,9.5
19,Feb,2019,31.91,33.31,32.3,32.92,35.21,38.74,0.56,1.16,8.15,9.45
20,Feb,2019,31.94,33.34,32.33,32.95,35.37,38.92,0.55,1.15,8.22,9.52
21,Feb,2019,31.97,33.37,32.36,32.98,35.44,39,0.54,1.14,8.2,9.5
22,Feb,2019,31.97,33.37,32.35,32.98,35.35,38.91,0.54,1.14,8.11,9.41
25,Feb,2019,31.96,33.36,32.3,33.02,35.38,38.94,0.55,1.15,8.14,9.44
26,Feb,2019,31.93,33.33,32.32,32.94,35.4,38.95,0.55,1.15,8.14,9.44
27,Feb,2019,31.94,33.34,32.33,32.95,35.5,39.06,0.56,1.16,8.1,9.4
28,Feb,2019,31.98,33.38,32.37,32.99,35.49,39.04,0.56,1.16,8.17,9.47
1,Mar,2019,31.95,33.35,32.34,32.96,35.48,39.05,0.55,1.15,8.13,9.43
6,Mar,2019,31.96,33.36,32.25,33.07,35.42,38.98,0.54,1.14,8.05,9.35
7,Mar,2019,32.01,33.41,32.4,33.02,35.32,38.86,0.52,1.12,7.94,9.24
8,Mar,2019,32.3,33.7,32.63,33.39,35.35,38.88,0.49,1.09,7.89,9.19
11,Mar,2019,32.4,33.8,32.69,33.52,35.54,39.09,0.52,1.12,7.96,9.26
12,Mar,2019,32.4,33.8,32.8,33.45,35.55,39.09,0.52,1.12,8.03,9.33
13,Mar,2019,32.45,33.85,32.77,33.53,35.77,39.34,0.51,1.11,8.11,9.41
14,Mar,2019,32.7,34.1,33.05,33.77,36.14,39.74,0.53,1.13,8.18,9.48
15,Mar,2019,32.85,34.25,33.19,33.91,36.23,39.82,0.54,1.14,8.14,9.44
18,Mar,2019,32.77,34.17,33.06,33.88,36.21,39.8,0.55,1.15,8.18,9.48
19,Mar,2019,32.68,34.08,33.02,33.74,36.16,39.76,0.55,1.15,8.22,9.52
20,Mar,2019,32.55,33.95,32.87,33.63,36.06,39.65,0.54,1.14,8.2,9.5
21,Mar,2019,32.61,34.01,32.95,33.67,36.39,40.02,0.53,1.13,8.3,9.6
22,Mar,2019,32.68,34.08,33.02,33.74,36.22,39.82,0.53,1.13,8.2,9.5
25,Mar,2019,32.9,34.3,33.17,34,36.28,39.87,0.52,1.12,8.03,9.33
26,Mar,2019,32.8,34.2,33.12,33.85,36.22,39.81,0.51,1.11,8.09,9.39
27,Mar,2019,32.75,34.15,33.1,33.83,36.06,39.64,0.5,1.1,8.07,9.37
28,Mar,2019,33.1,34.5,33.39,34.21,36.37,39.97,0.48,1.08,7.97,9.27
29,Mar,2019,32.95,34.35,33.23,34.05,36.1,39.68,0.49,1.09,8.01,9.31
1,Abr,2019,32.77,34.17,33.06,33.88,35.89,39.45,0.49,1.09,7.97,9.27
2,Abr,2019,32.77,34.17,33.1,33.84,35.85,39.4,0.5,1.1,8.05,9.35
3,Abr,2019,32.95,34.35,33.26,34,36,39.57,0.5,1.1,8.14,9.44
4,Abr,2019,33.05,34.45,33.43,34.15,36.26,39.83,0.5,1.1,8.13,9.43
5,Abr,2019,32.95,34.35,33.28,34,36.09,39.66,0.49,1.09,8.14,9.44
8,Abr,2019,33.03,34.43,33.32,34.14,36.16,39.73,0.48,1.08,8.13,9.43
9,Abr,2019,33.1,34.5,33.45,34.17,36.39,39.97,0.49,1.09,8.19,9.49
10,Abr,2019,33.27,34.67,33.61,34.33,36.57,40.18,0.5,1.1,8.22,9.52
11,Abr,2019,33.25,34.65,33.57,34.33,36.59,40.2,0.5,1.1,8.26,9.56
12,Abr,2019,33.45,34.85,33.78,34.5,36.75,40.35,0.51,1.11,8.26,9.56
23,Abr,2019,33.65,35.05,33.93,34.77,37.1,40.74,0.54,1.14,8.15,9.45
24,Abr,2019,33.7,35.1,34.01,34.75,36.89,40.5,0.53,1.13,8.18,9.48
25,Abr,2019,33.82,35.22,34.16,34.88,36.79,40.38,0.5,1.1,8.06,9.36
26,Abr,2019,33.95,35.35,34.3,35.02,36.88,40.48,0.5,1.1,8.18,9.48
29,Abr,2019,34.07,35.47,34.36,35.18,37.08,40.7,0.49,1.09,8.25,9.55
30,Abr,2019,34.05,35.55,34.35,35.25,37.17,40.91,0.52,1.12,8.24,9.54
2,May,2019,34.3,35.8,34.6,35.5,37.55,41.32,0.53,1.13,8.35,9.65
3,May,2019,34.35,35.85,34.74,35.46,37.47,41.21,0.52,1.12,8.27,9.57
6,May,2019,34.14,35.64,34.48,35.3,37.31,41.05,0.52,1.12,8.27,9.57
7,May,2019,34.3,35.8,34.69,35.41,37.51,41.26,0.52,1.12,8.27,9.57
8,May,2019,34.27,35.77,34.61,35.43,37.4,41.15,0.51,1.11,8.22,9.52
9,May,2019,34.35,35.75,34.69,35.41,37.52,41.16,0.51,1.11,8.33,9.63
10,May,2019,34.45,35.85,34.79,35.51,37.74,41.39,0.51,1.11,8.31,9.61
13,May,2019,34.39,35.89,34.73,35.55,37.7,41.48,0.52,1.12,8.31,9.61
14,May,2019,34.49,35.99,34.88,35.6,37.81,41.59,0.52,1.12,8.27,9.57
15,May,2019,34.47,35.97,34.81,35.63,37.71,41.48,0.52,1.12,8.27,9.57
16,May,2019,34.48,35.98,34.87,35.59,37.7,41.46,0.52,1.12,8.24,9.54
17,May,2019,34.47,35.97,34.81,35.63,37.57,41.33,0.52,1.12,8.14,9.44
20,May,2019,34.51,36.01,34.85,35.67,37.59,41.35,0.52,1.12,8.01,9.31
21,May,2019,34.52,36.02,34.92,35.63,37.62,41.38,0.51,1.11,8.02,9.32
22,May,2019,34.52,36.02,34.91,35.63,37.6,41.35,0.52,1.12,8.13,9.43
23,May,2019,34.55,36.05,34.94,35.66,37.63,41.38,0.52,1.12,8.15,9.45
24,May,2019,34.44,35.94,34.83,35.55,37.58,41.34,0.51,1.11,8.11,9.41
27,May,2019,34.4,35.9,34.74,35.56,37.63,41.39,0.52,1.12,8.17,9.47
28,May,2019,34.35,35.85,34.7,35.5,37.55,41.31,0.52,1.12,8.11,9.41
29,May,2019,34.4,35.9,34.8,35.55,37.48,41.22,0.52,1.12,8.17,9.47
30,May,2019,34.5,36,34.89,35.61,37.48,41.23,0.53,1.13,8.27,9.57
31,May,2019,34.45,35.95,34.83,35.57,37.44,41.18,0.53,1.13,8.28,9.58
3,Jun,2019,34.5,36,34.85,35.67,37.61,41.35,0.52,1.12,8.39,9.69
4,Jun,2019,34.42,35.92,34.81,35.53,37.82,41.61,0.52,1.12,8.43,9.73
5,Jun,2019,34.3,35.8,34.7,35.42,37.68,41.46,0.52,1.12,8.49,9.79
6,Jun,2019,34.48,35.98,34.8,35.65,37.79,41.56,0.52,1.12,8.47,9.77
7,Jun,2019,34.55,36.05,34.89,35.71,38.03,41.84,0.52,1.12,8.51,9.81
10,Jun,2019,34.67,36.17,35,35.84,38.35,42.17,0.52,1.12,8.56,9.86
11,Jun,2019,34.66,36.16,35.05,35.77,38.28,42.1,0.52,1.12,8.54,9.84
12,Jun,2019,34.61,36.11,35,35.72,38.27,42.09,0.53,1.13,8.6,9.9
13,Jun,2019,34.57,36.07,34.96,35.68,38.08,41.89,0.55,1.15,8.57,9.87
14,Jun,2019,34.53,36.03,34.92,35.64,38.01,41.81,0.55,1.15,8.55,9.85
17,Jun,2019,34.57,36.07,34.96,35.68,37.84,41.62,0.54,1.14,8.46,9.76
18,Jun,2019,34.57,36.07,34.96,35.68,37.84,41.62,0.54,1.14,8.46,9.76
20,Jun,2019,34.59,36.09,34.93,35.75,37.79,41.57,0.55,1.15,8.56,9.86
21,Jun,2019,34.49,35.99,34.88,35.6,38.03,41.82,0.55,1.15,8.58,9.88
24,Jun,2019,34.42,35.92,34.75,35.59,38.18,42.01,0.56,1.16,8.6,9.9
25,Jun,2019,34.41,35.91,34.75,35.57,38.28,42.1,0.57,1.17,8.59,9.89
26,Jun,2019,34.41,35.91,34.75,35.57,38.28,42.1,0.57,1.17,8.59,9.89
27,Jun,2019,34.48,35.98,34.87,35.59,38.27,42.09,0.56,1.16,8.55,9.85
28,Jun,2019,34.48,35.98,34.87,35.59,38.26,42.09,0.56,1.16,8.59,9.89
1,Jul,2019,34.43,35.93,34.77,35.59,38.21,42.04,0.57,1.17,8.58,9.88
2,Jul,2019,34.35,35.85,34.7,35.51,37.84,41.63,0.57,1.17,8.54,9.84
3,Jul,2019,34.45,35.95,34.79,35.6,37.97,41.77,0.57,1.17,8.47,9.77
4,Jul,2019,34.43,35.93,34.77,35.58,37.9,41.69,0.58,1.18,8.5,9.8
5,Jul,2019,34.38,35.88,34.73,35.56,37.86,41.66,0.58,1.18,8.57,9.87
8,Jul,2019,34.46,35.96,34.8,35.61,37.75,41.52,0.58,1.18,8.53,9.83
9,Jul,2019,34.42,35.92,34.81,35.53,37.66,41.43,0.58,1.18,8.55,9.85
10,Jul,2019,34.44,35.94,34.78,35.6,37.67,41.43,0.58,1.18,8.57,9.87
11,Jul,2019,34.35,35.85,34.74,35.46,37.73,41.52,0.58,1.18,8.65,9.95
12,Jul,2019,34.39,35.89,34.73,35.54,37.78,41.57,0.58,1.18,8.67,9.97
15,Jul,2019,34.35,35.85,34.64,35.56,37.79,41.57,0.58,1.18,8.69,9.99
16,Jul,2019,34.37,35.87,34.76,35.48,37.76,41.54,0.57,1.17,8.65,9.95
17,Jul,2019,34.41,35.91,34.8,35.52,37.63,41.4,0.56,1.16,8.65,9.95
19,Jul,2019,34.35,35.85,34.69,35.51,37.62,41.38,0.56,1.16,8.64,9.94
22,Jul,2019,34.25,35.75,34.58,35.42,37.5,41.26,0.56,1.16,8.65,9.95
23,Jul,2019,34.03,35.53,34.37,35.19,37.23,40.97,0.56,1.16,8.61,9.91
24,Jul,2019,33.4,34.9,33.69,34.61,36.34,40.03,0.54,1.14,8.36,9.66
25,Jul,2019,33.1,34.6,33.43,34.27,35.97,39.64,0.53,1.13,8.29,9.59
26,Jul,2019,33.6,35.1,33.93,34.77,36.54,40.24,0.53,1.13,8.39,9.69
29,Jul,2019,33.42,34.92,33.7,34.65,36.29,39.97,0.53,1.13,8.37,9.67
30,Jul,2019,33.45,34.95,33.79,34.61,36.39,40.08,0.52,1.12,8.35,9.65
31,Jul,2019,33.55,35.05,33.88,34.72,36.53,40.23,0.52,1.12,8.36,9.66
1,Agosto,2019,33.65,35.15,33.98,34.82,36.42,40.1,0.52,1.12,8.39,9.69
2,Agosto,2019,33.85,35.35,34.23,34.97,36.63,40.31,0.52,1.12,8.31,9.61
5,Agosto,2019,33.95,35.45,34.29,35.11,36.8,40.51,0.51,1.11,8.26,9.56
6,Agosto,2019,34.45,35.95,34.78,35.62,37.66,41.44,0.51,1.11,8.2,9.5
7,Agosto,2019,34.45,35.95,34.79,35.61,37.65,41.42,0.51,1.11,8.22,9.52
8,Agosto,2019,34.55,36.05,34.88,35.72,37.82,41.61,0.51,1.11,8.2,9.5
9,Agosto,2019,34.53,36.03,34.87,35.69,37.72,41.48,0.52,1.12,8.32,9.62
12,Agosto,2019,34.6,36.1,34.9,35.8,37.84,41.62,0.52,1.12,8.29,9.59
13,Agosto,2019,35.1,36.6,35.39,36.31,38.42,42.22,0.4,1,8.34,9.64
14,Agosto,2019,35.14,36.64,35.48,36.3,38.32,42.12,0.37,0.97,8.38,9.68
15,Agosto,2019,35.46,36.96,35.75,36.67,38.55,42.36,0.32,0.92,8.29,9.59
16,Agosto,2019,35.45,36.95,35.74,36.67,38.43,42.23,0.38,0.98,8.42,9.72
19,Agosto,2019,35.47,36.97,35.76,36.68,38.41,42.19,0.41,1.01,8.39,9.69
20,Agosto,2019,35.75,37.25,36.09,36.91,38.67,42.48,0.42,1.02,8.3,9.6
21,Agosto,2019,35.83,37.33,36.17,36.99,38.81,42.63,0.42,1.02,8.37,9.67
22,Agosto,2019,35.73,37.23,36.06,36.9,38.65,42.45,0.41,1.01,8.38,9.68
23,Agosto,2019,35.57,37.07,35.91,36.73,38.49,42.27,0.41,1.01,8.25,9.55
26,Agosto,2019,35.75,37.25,36.04,36.96,38.89,42.72,0.41,1.01,8.2,9.5
27,Agosto,2019,35.72,37.22,36.06,36.88,38.69,42.5,0.41,1.01,8.12,9.42
28,Agosto,2019,35.75,37.25,36.09,36.92,38.7,42.5,0.4,1,8.13,9.43
29,Agosto,2019,35.86,37.36,36.2,37.02,38.77,42.58,0.38,0.98,8.14,9.44
30,Agosto,2019,35.86,37.36,36.2,37.02,38.69,42.48,0.38,0.98,8.13,9.43
2,Setiembre,2019,35.9,37.4,36.24,37.06,38.48,42.26,0.36,0.96,8.2,9.5
3,Setiembre,2019,36.05,37.55,36.39,37.2,38.59,42.38,0.38,0.98,8.14,9.44
4,Setiembre,2019,35.95,37.45,36.3,37.12,38.49,42.26,0.41,1.01,8.11,9.41
5,Setiembre,2019,35.93,37.43,36.27,37.09,38.69,42.49,0.4,1,8.27,9.57
6,Setiembre,2019,35.86,37.36,36.2,37.01,38.63,42.41,0.4,1,8.26,9.56
9,Setiembre,2019,35.71,37.21,36.03,36.9,38.44,42.23,0.4,1,8.29,9.59
10,Setiembre,2019,35.75,37.25,36.09,36.92,38.56,42.35,0.4,1,8.25,9.55
11,Setiembre,2019,35.85,37.35,36.19,37.01,38.62,42.42,0.4,1,8.26,9.56
12,Setiembre,2019,35.77,37.27,36.11,36.93,38.43,42.21,0.4,1,8.31,9.61
13,Setiembre,2019,35.7,37.2,36.05,36.87,38.55,42.35,0.4,1,8.31,9.61
16,Setiembre,2019,35.75,37.25,36.11,36.92,38.65,42.44,0.4,1,8.25,9.55
17,Setiembre,2019,35.95,37.45,36.28,37.12,38.63,42.41,0.4,1,8.3,9.6
18,Setiembre,2019,35.98,37.48,36.32,37.14,38.87,42.67,0.4,1,8.33,9.63
19,Setiembre,2019,36,37.5,36.34,37.16,38.74,42.55,0.4,1,8.28,9.58
20,Setiembre,2019,36.01,37.51,36.35,37.17,38.81,42.61,0.4,1,8.18,9.48
23,Setiembre,2019,36,37.5,36.33,37.15,38.71,42.5,0.4,1,8.18,9.48
24,Setiembre,2019,36,37.5,36.34,37.16,38.64,42.42,0.39,0.99,8.14,9.44
25,Setiembre,2019,36.03,37.53,36.37,37.19,38.75,42.55,0.39,0.99,8.15,9.45
26,Setiembre,2019,36.12,37.62,36.46,37.28,38.59,42.36,0.39,0.99,8.21,9.51
27,Setiembre,2019,36.08,37.58,36.42,37.24,38.46,42.22,0.39,0.99,8.19,9.49
30,Setiembre,2019,36.1,37.6,36.45,37.27,38.55,42.32,0.39,0.99,8.2,9.5
1,Octubre,2019,36.22,37.72,36.51,37.43,38.54,42.3,0.39,0.99,8.24,9.54
2,Octubre,2019,36.35,37.85,36.63,37.57,38.79,42.58,0.39,0.99,8.25,9.55
3,Octubre,2019,36.45,37.95,36.75,37.7,38.98,42.79,0.39,0.99,8.32,9.62
4,Octubre,2019,36.42,37.92,36.71,37.63,38.99,42.79,0.39,0.99,8.43,9.73
7,Octubre,2019,36.4,37.9,36.69,37.61,39.01,42.82,0.39,0.99,8.47,9.77
8,Octubre,2019,36.47,37.97,36.77,37.67,39.07,42.87,0.39,0.99,8.41,9.71
9,Octubre,2019,36.48,37.98,36.78,37.68,39,42.8,0.39,0.99,8.43,9.73
10,Octubre,2019,36.45,37.95,36.74,37.66,39.04,42.84,0.39,0.99,8.41,9.71
11,Octubre,2019,36.42,37.92,36.71,37.63,39.11,42.93,0.39,0.99,8.34,9.64
14,Octubre,2019,36.4,37.9,36.68,37.6,39.21,43.04,0.39,0.99,8.4,9.7
15,Octubre,2019,36.47,37.97,36.76,37.68,39.26,43.08,0.39,0.99,8.34,9.64
16,Octubre,2019,36.58,38.08,36.87,37.79,39.38,43.22,0.39,0.99,8.31,9.61
17,Octubre,2019,36.6,38.1,36.9,37.8,39.55,43.4,0.39,0.99,8.3,9.6
18,Octubre,2019,36.6,38.1,36.89,37.81,39.72,43.59,0.39,0.99,8.31,9.61
21,Octubre,2019,36.64,38.14,36.93,37.85,39.91,43.79,0.39,0.99,8.41,9.71
22,Octubre,2019,36.65,38.15,36.94,37.86,39.88,43.74,0.39,0.99,8.37,9.67
23,Octubre,2019,36.66,38.16,36.95,37.87,39.79,43.66,0.38,0.98,8.5,9.8
24,Octubre,2019,36.64,38.14,36.92,37.84,39.82,43.69,0.38,0.98,8.59,9.89
25,Octubre,2019,36.65,38.15,36.94,37.86,39.74,43.59,0.37,0.97,8.58,9.88
28,Octubre,2019,36.7,38.2,36.95,37.95,39.68,43.53,0.37,0.97,8.66,9.96
29,Octubre,2019,36.75,38.25,36.99,38.01,39.82,43.67,0.37,0.97,8.72,10.02
30,Octubre,2019,36.73,38.23,37.02,37.94,39.83,43.7,0.38,0.98,8.69,9.99
31,Octubre,2019,36.73,38.23,37.02,37.94,39.94,43.81,0.37,0.97,8.7,10
1,Noviembre,2019,36.7,38.2,36.98,37.9,39.92,43.78,0.37,0.97,8.66,9.96
4,Noviembre,2019,36.62,38.12,36.91,37.83,39.9,43.78,0.31,0.83,8.67,9.97
5,Noviembre,2019,36.53,38.03,36.82,37.74,39.7,43.55,0.31,0.83,8.62,9.92
6,Noviembre,2019,36.62,38.12,36.91,37.83,39.57,43.41,0.31,0.83,8.68,9.98
7,Noviembre,2019,36.7,38.2,37,37.92,39.64,43.49,0.31,0.83,8.5,9.8
8,Noviembre,2019,36.7,38.2,37,37.92,39.58,43.42,0.31,0.83,8.49,9.79
11,Noviembre,2019,36.73,38.23,37.03,37.94,39.51,43.34,0.31,0.83,8.36,9.66
12,Noviembre,2019,36.74,38.24,37.04,37.95,39.57,43.42,0.31,0.83,8.39,9.69
13,Noviembre,2019,36.81,38.31,37.1,38.02,39.55,43.38,0.31,0.83,8.34,9.64
14,Noviembre,2019,36.82,38.32,37.12,38.03,39.56,43.39,0.31,0.83,8.3,9.6
15,Noviembre,2019,36.93,38.43,37.22,38.14,39.73,43.58,0.31,0.83,8.33,9.63
18,Noviembre,2019,36.9,38.4,37.19,38.11,39.81,43.67,0.31,0.83,8.3,9.6
19,Noviembre,2019,36.9,38.4,37.2,38.11,39.9,43.76,0.32,0.84,8.5,9.8
20,Noviembre,2019,36.91,38.41,37.2,38.12,39.92,43.77,0.31,0.83,8.47,9.77
21,Noviembre,2019,36.95,38.45,37.25,38.16,39.92,43.79,0.31,0.83,8.48,9.78
22,Noviembre,2019,37,38.5,37.29,38.2,39.93,43.79,0.31,0.83,8.48,9.78
25,Noviembre,2019,37,38.55,37.26,38.24,39.81,43.72,0.31,0.83,8.51,9.81
26,Noviembre,2019,37.05,38.55,37.35,38.26,39.81,43.65,0.32,0.84,8.47,9.77
27,Noviembre,2019,37.15,38.65,37.46,38.36,39.96,43.81,0.31,0.83,8.43,9.73
28,Noviembre,2019,37.25,38.75,37.56,38.47,40,43.85,0.31,0.83,8.43,9.73
29,Noviembre,2019,37.25,38.75,37.51,38.48,40.02,43.88,0.32,0.84,8.51,9.81
2,Dic,2019,37.05,38.55,37.28,38.3,39.84,43.68,0.31,0.83,8.43,9.73
3,Dic,2019,36.95,38.45,37.24,38.15,39.95,43.82,0.31,0.83,8.44,9.74
4,Dic,2019,36.9,38.4,37.2,38.11,39.91,43.77,0.31,0.83,8.45,9.75
5,Dic,2019,37.05,38.55,37.34,38.28,40.04,43.9,0.31,0.83,8.5,9.8
6,Dic,2019,37.05,38.55,37.33,38.26,40.13,44.01,0.31,0.83,8.53,9.83
9,Dic,2019,36.95,38.45,37.24,38.15,39.86,43.71,0.31,0.83,8.59,9.89
10,Dic,2019,37.1,38.6,37.4,38.33,40.05,43.93,0.31,0.83,8.66,9.96
11,Dic,2019,37.25,38.75,37.55,38.47,40.34,44.23,0.32,0.84,8.67,9.97
12,Dic,2019,37.15,38.65,37.44,38.35,40.24,44.12,0.32,0.84,8.68,9.98
13,Dic,2019,37.05,38.55,37.34,38.26,40.17,44.06,0.31,0.83,8.72,10.02
16,Dic,2019,37.05,38.55,37.34,38.25,40.21,44.11,0.31,0.83,8.7,10
17,Dic,2019,36.95,38.45,37.22,38.19,40.2,44.09,0.31,0.83,8.79,10.09
18,Dic,2019,36.95,38.45,37.24,38.15,40.21,44.1,0.31,0.83,8.77,10.07
19,Dic,2019,36.95,38.45,37.24,38.15,40.1,43.98,0.31,0.83,8.78,10.08
20,Dic,2019,36.8,38.3,37.09,38,39.96,43.83,0.31,0.83,8.75,10.05
23,Dic,2019,36.72,38.22,36.99,37.95,39.68,43.52,0.31,0.83,8.65,9.95
24,Dic,2019,36.25,37.75,36.53,37.47,39.24,43.08,0.3,0.82,8.58,9.88
26,Dic,2019,36.25,37.75,36.5,37.5,39.19,43.03,0.3,0.82,8.56,9.86
27,Dic,2019,36.32,37.82,36.6,37.55,39.37,43.21,0.3,0.82,8.62,9.92
30,Dic,2019,36.45,37.95,36.74,37.67,39.79,43.67,0.31,0.83,8.69,9.99
31,Dic,2019,36.65,38.15,36.93,37.89,40.07,43.97,0.31,0.83,8.8,10.1
2,Enero,2020,36.65,38.15,36.93,37.89,40.07,43.97,0.31,0.83,8.8,10.1
3,Enero,2020,36.5,38,36.76,37.75,39.79,43.66,0.31,0.83,8.75,10.05
7,Enero,2020,36.6,38.1,36.89,37.81,39.88,43.75,0.31,0.83,8.71,10.01
8,Enero,2020,36.72,38.22,37.02,37.94,39.93,43.81,0.31,0.83,8.73,10.03
9,Enero,2020,36.73,38.23,37.03,37.94,39.83,43.68,0.31,0.83,8.76,10.06
10,Enero,2020,36.65,38.15,36.94,37.85,39.73,43.59,0.31,0.83,8.65,9.95
13,Enero,2020,36.57,38.07,36.86,37.78,39.69,43.54,0.31,0.83,8.65,9.95
14,Enero,2020,36.69,38.19,36.98,37.89,39.9,43.76,0.31,0.83,8.54,9.84
15,Enero,2020,36.6,38.1,36.86,37.85,39.76,43.63,0.31,0.83,8.53,9.83
16,Enero,2020,36.62,38.12,36.91,37.83,39.85,43.73,0.27,0.79,8.45,9.75
17,Enero,2020,36.55,38.05,36.85,37.76,39.72,43.58,0.27,0.79,8.38,9.68
20,Enero,2020,36.64,38.14,36.92,37.85,39.66,43.52,0.27,0.79,8.48,9.78
21,Enero,2020,36.65,38.15,36.95,37.86,39.66,43.52,0.27,0.79,8.43,9.73
22,Enero,2020,36.65,38.15,36.94,37.85,39.68,43.52,0.27,0.79,8.41,9.71
23,Enero,2020,36.55,38.05,36.84,37.76,39.55,43.4,0.27,0.79,8.42,9.72
24,Enero,2020,36.51,38.01,36.8,37.74,39.38,43.2,0.27,0.79,8.44,9.74
27,Enero,2020,36.48,37.98,36.77,37.69,39.26,43.09,0.27,0.79,8.39,9.69
28,Enero,2020,36.65,38.15,36.9,37.9,39.4,43.23,0.27,0.79,8.4,9.7
29,Enero,2020,36.62,38.12,36.91,37.83,39.36,43.18,0.27,0.79,8.41,9.71
30,Enero,2020,36.65,38.15,36.94,37.86,39.36,43.19,0.27,0.79,8.36,9.66
31,Enero,2020,36.79,38.29,37.08,38,39.62,43.47,0.27,0.79,8.3,9.6
3,Febrero,2020,36.81,38.31,37.05,38.07,39.81,43.67,0.27,0.79,8.27,9.57
4,Febrero,2020,36.85,38.35,37.12,38.08,39.79,43.64,0.27,0.79,8.35,9.65
5,Febrero,2020,36.81,38.31,37.1,38.02,39.66,43.51,0.27,0.79,8.33,9.63
6,Febrero,2020,36.83,38.33,37.12,38.04,39.53,43.36,0.27,0.79,8.35,9.65
7,Febrero,2020,36.83,38.33,37.12,38.04,39.44,43.26,0.27,0.79,8.29,9.59
10,Febrero,2020,37,38.5,37.29,38.21,39.52,43.35,0.27,0.79,8.24,9.54
11,Febrero,2020,37,38.5,37.29,38.21,39.41,43.22,0.27,0.79,8.23,9.53
12,Febrero,2020,37.05,38.55,37.34,38.27,39.49,43.31,0.27,0.79,8.22,9.52
13,Febrero,2020,37.25,38.75,37.53,38.49,39.54,43.35,0.27,0.79,8.25,9.55
14,Febrero,2020,37.25,38.75,37.53,38.46,39.41,43.21,0.27,0.79,8.25,9.55
17,Febrero,2020,37.15,38.65,37.44,38.35,39.32,43.12,0.27,0.79,8.31,9.61
18,Febrero,2020,37.15,38.65,37.45,38.4,39.28,43.08,0.27,0.79,8.26,9.56
19,Febrero,2020,37.3,38.8,37.59,38.51,39.31,43.11,0.27,0.79,8.23,9.53
20,Febrero,2020,37.33,38.83,37.62,38.54,39.32,43.11,0.27,0.79,8.21,9.51
21,Febrero,2020,37.45,39.05,37.79,38.72,39.43,43.35,0.27,0.79,8.21,9.51
26,Febrero,2020,37.6,39.2,37.93,38.85,39.83,43.77,0.28,0.8,8.25,9.55
27,Febrero,2020,37.85,39.45,38.17,39.15,40.2,44.18,0.28,0.8,8.2,9.5
28,Febrero,2020,38.15,39.75,38.47,39.43,40.92,44.94,0.28,0.8,8.2,9.5
2,Marzo,2020,38.35,39.95,38.62,39.7,41.19,45.23,0.28,0.8,8.18,9.48
3,Marzo,2020,38.5,40.1,38.95,39.73,41.93,46.04,0.28,0.8,8.27,9.57
4,Marzo,2020,38.85,40.55,39.15,40.25,42.43,46.69,0.29,0.81,8.3,9.6
5,Marzo,2020,39.3,41,39.59,40.7,42.69,46.96,0.29,0.81,8.28,9.58
6,Marzo,2020,40.2,41.9,40.5,41.6,43.95,48.28,0.31,0.83,8.34,9.64
9,Marzo,2020,40.65,42.35,40.87,42.08,44.85,49.25,0.31,0.83,8.46,9.76
10,Marzo,2020,42,44,42.35,43.55,46.95,51.84,0.33,0.85,8.49,9.79
11,Marzo,2020,42.5,44.2,42.7,43.9,46.81,51.32,0.34,0.86,8.85,10.15
12,Marzo,2020,42.65,44.45,43.02,44.07,46.84,51.46,0.34,0.86,8.84,10.39
13,Marzo,2020,43.75,45.75,44.09,45.38,47.75,52.64,0.36,0.88,8.98,10.48
16,Marzo,2020,43.55,45.75,43.77,45.58,47.04,52.1,0.35,0.87,8.91,10.41
17,Marzo,2020,44.55,46.75,44.9,46.35,48.5,53.65,0.37,0.89,8.8,10.3
18,Marzo,2020,44.45,46.65,44.93,46.12,47.72,52.78,0.36,0.88,8.82,10.32
19,Marzo,2020,45,47.2,45.4,46.8,47.81,52.87,0.37,0.89,8.33,10.33
20,Marzo,2020,44.25,46.45,44.65,46.05,46.11,51.01,0.36,0.88,8.65,10.65
23,Marzo,2020,43.3,45.7,43.8,45.2,45,50.07,0.34,0.86,8.74,10.74
24,Marzo,2020,43.8,46,44.3,45.5,45.9,50.81,0.35,0.87,8.65,10.65
25,Marzo,2020,43.05,45.25,43.57,44.77,45.15,50.03,0.34,0.86,8.58,10.58
26,Marzo,2020,42.19,44.39,42.69,43.89,44.76,49.64,0.32,0.84,8.54,10.54
27,Marzo,2020,42.09,44.29,42.59,43.79,45.3,50.25,0.32,0.84,8.52,10.52
30,Marzo,2020,42.5,44.9,43,44.4,46.12,51.36,0.33,0.85,8.54,10.54
31,Marzo,2020,42.25,44.45,42.8,44,45.52,50.48,0.32,0.84,8.27,10.27
1,Abril,2020,41.9,44.1,42.4,43.61,45,49.93,0.32,0.84,9.05,10.97
2,Abril,2020,42.9,45.1,43.4,44.6,45.77,50.73,0.33,0.85,9.16,11.08
3,Abril,2020,43.2,45.4,43.7,44.9,45.72,50.65,0.33,0.85,9.19,11.11
13,Abril,2020,41.9,44.3,42.41,43.81,44.41,49.5,0.31,0.83,9.21,11.15
14,Abril,2020,42.5,44.7,43,44.2,45.3,50.21,0.32,0.84,9.25,11.19
15,Abril,2020,42.25,44.45,42.75,43.95,45.28,50.22,0.31,0.83,9.19,11.13
16,Abril,2020,42.45,44.65,42.95,44.15,45.23,50.14,0.32,0.84,9.15,11.09
17,Abril,2020,42.4,44.6,42.9,44.1,44.86,49.74,0.31,0.83,9.1,11.04
20,Abril,2020,42.05,44.45,42.55,43.95,44.6,49.69,0.31,0.83,9.09,11.03
21,Abril,2020,41.9,44.3,42.5,43.7,44.43,49.52,0.31,0.83,8.97,10.91
22,Abril,2020,42,44.4,42.6,43.8,44.48,49.58,0.31,0.83,8.97,10.91
23,Abril,2020,41.85,44.25,42.45,43.65,44.18,49.24,0.25,0.77,8.16,10.15
24,Abril,2020,41.95,44.35,42.55,43.75,44.16,49.22,0.25,0.77,8.05,10.04
27,Abril,2020,42.5,44.9,43,44.4,44.81,49.89,0.25,0.77,7.91,9.9
28,Abril,2020,42,44.4,42.6,43.8,44.39,49.47,0.25,0.77,7.75,9.74
29,Abril,2020,41.75,44.15,42.35,43.55,44.15,49.22,0.24,0.76,7.7,9.7
30,Abril,2020,41.15,43.55,41.75,42.95,43.67,48.72,0.23,0.55,7.79,9.79
4,Mayo,2020,41.7,44.1,42.2,43.6,44.61,49.73,0.24,0.56,7.78,9.78
5,Mayo,2020,41.65,43.85,42.15,43.35,44.34,49.21,0.21,0.75,7.83,9.83
6,Mayo,2020,41.5,43.7,42,43.2,43.93,48.75,0.21,0.75,7.72,9.72
7,Mayo,2020,42.15,44.55,42.75,43.95,44.44,49.51,0.22,0.76,7.72,9.72
8,Mayo,2020,42.95,45.35,43.55,44.75,45.39,50.53,0.23,0.77,7.64,9.64
11,Mayo,2020,42.65,45.05,43.15,44.55,45.1,50.21,0.22,0.76,7.72,9.72
12,Mayo,2020,42.6,45,43.2,44.4,44.94,50.04,0.22,0.66,7.62,9.62
13,Mayo,2020,42.75,45.15,43.35,44.55,45.29,50.42,0.22,0.66,7.59,9.59
14,Mayo,2020,42.7,45.1,43.3,44.5,45.08,50.18,0.22,0.66,7.6,9.6
15,Mayo,2020,42.95,45.35,43.55,44.75,45.2,50.31,0.22,0.66,7.73,9.73
19,Mayo,2020,42.95,45.35,43.55,44.75,45.33,50.45,0.2,0.66,7.57,9.57
20,Mayo,2020,42.3,44.7,42.9,44.1,45.15,50.3,0.19,0.65,7.39,9.39
21,Mayo,2020,42.1,44.5,42.7,43.9,45.12,50.28,0.19,0.65,7.32,9.32
22,Mayo,2020,42.25,44.65,42.85,44.05,45.19,50.34,0.19,0.65,7.4,9.4
25,Mayo,2020,42.2,44.6,42.7,44.1,44.89,50.01,0.19,0.65,7.33,9.33
26,Mayo,2020,42,44.4,42.6,43.8,44.68,49.78,0.19,0.65,7.47,9.47
27,Mayo,2020,41.9,44.3,42.5,43.7,44.95,50.1,0.19,0.65,7.37,9.37
28,Mayo,2020,42.1,44.5,42.7,43.9,45.17,50.33,0.19,0.65,7.48,9.48
29,Mayo,2020,42.05,44.45,42.65,43.85,45.48,50.68,0.19,0.65,7.39,9.39
1,Junio,2020,42.1,44.5,42.6,44,45.6,50.81,0.19,0.65,7.4,9.4
2,Junio,2020,42.1,44.5,42.7,43.9,45.75,50.97,0.19,0.65,7.33,9.33
3,Junio,2020,41.9,44.3,42.5,43.7,45.66,50.88,0.19,0.65,7.41,9.41
4,Junio,2020,41.8,44.2,42.4,43.6,45.87,51.12,0.18,0.64,7.51,9.51
5,Junio,2020,41.65,44.05,42.25,43.45,46.11,51.41,0.18,0.64,7.44,9.44
8,Junio,2020,41.35,43.75,41.85,43.25,45.6,50.84,0.18,0.64,7.49,9.49
9,Junio,2020,41.2,43.6,41.8,43,45.45,50.68,0.18,0.64,7.44,9.44
10,Junio,2020,41.5,43.9,42.1,43.3,45.94,51.22,0.18,0.64,7.65,9.65
11,Junio,2020,41.63,44.03,42.23,43.43,46.26,51.58,0.18,0.64,7.57,9.57
12,Junio,2020,41.9,44.3,42.5,43.7,46.21,51.5,0.18,0.64,7.56,9.56
15,Junio,2020,41.48,43.88,41.98,43.38,45.49,50.73,0.18,0.64,7.55,9.55
16,Junio,2020,41.65,44.05,42.25,43.45,46,51.29,0.18,0.64,7.46,9.46
17,Junio,2020,41.35,43.75,41.95,43.15,45.43,50.67,0.17,0.63,7.55,9.55
18,Junio,2020,41.25,43.65,41.85,43.05,45.22,50.45,0.17,0.63,7.48,9.48
22,Junio,2020,41.45,43.85,41.95,43.35,45.34,50.56,0.18,0.64,7.43,9.43
23,Junio,2020,41.2,43.6,41.8,43,45.28,50.51,0.17,0.63,7.57,9.57
24,Junio,2020,40.92,43.32,41.52,42.72,45.16,50.39,0.17,0.63,7.39,9.39
25,Junio,2020,40.95,43.35,41.55,42.75,45.01,50.23,0.17,0.63,7.22,9.22
26,Junio,2020,40.9,43.3,41.5,42.7,44.8,50,0.17,0.63,7.1,9.1
29,Junio,2020,40.85,43.25,41.35,42.75,44.76,49.95,0.17,0.63,7.1,9.1
30,Junio,2020,40.85,43.25,41.45,42.65,44.78,49.97,0.17,0.63,7.13,9.13
1,Julio,2020,41,43.4,41.6,42.8,44.94,50.14,0.17,0.63,7.18,9.18
2,Julio,2020,41.06,43.46,41.66,42.86,45.08,50.3,0.17,0.63,7.25,9.25
3,Julio,2020,41.45,43.65,41.95,43.15,45.44,50.45,0.17,0.63,7.33,9.33
6,Julio,2020,41.7,44.1,42.2,43.6,45.76,51,0.17,0.63,7.48,9.48
7,Julio,2020,42,44.4,42.6,43.8,46.37,51.67,0.18,0.64,7.48,9.48
8,Julio,2020,42.35,44.75,42.95,44.15,46.63,51.94,0.18,0.64,7.49,9.49
